poi_id,name,zone_id,category,latitude,longitude,typical_duration_minutes,opening_time,closing_time,morning_score,afternoon_score,evening_score,base_cost,child_cost,senior_cost,solo_suitability,couple_suitability,family_suitability,friends_suitability,senior_suitability,child_suitability,accessibility_score,quality_score,food_affinity,culture_affinity,nature_affinity,beach_affinity,wellness_affinity,adventure_affinity,nightlife_affinity,shopping_affinity,history_affinity,photography_affinity,wildlife_affinity,spirituality_affinity
POI0001,Calangute Cultural Site Spot 01,Z01,cultural_site,15.58773,73.75417,89,10:00,21:00,70,57,64,86,50,62,77,79,67,70,59,56,77,60.4,21,82,19,9,30,29,20,33,88,9,24,77
POI0002,Calangute Religious Site Spot 02,Z01,religious_site,15.52758,73.78167,84,10:00,18:00,84,55,58,14,8,7,62,67,79,61,60,56,96,67.0,10,89,33,18,9,10,27,28,89,12,22,85
POI0003,Calangute Photography Spot 03,Z01,photography,15.55464,73.75291,78,07:00,18:00,83,55,93,86,41,60,60,70,79,59,71,70,48,70.0,15,21,89,28,29,15,14,30,83,74,6,8
POI0004,Calangute Food Spot 04,Z01,food,15.51598,73.76374,79,07:00,21:00,59,66,84,429,296,314,44,80,55,68,77,45,59,78.8,88,88,27,18,14,19,0,2,4,8,24,9
POI0005,Calangute Adventure Spot 05,Z01,adventure,15.55319,73.74251,109,07:00,20:00,70,73,52,2484,1682,1675,74,85,66,100,14,43,87,68.9,22,20,97,17,7,86,22,36,30,24,37,5
POI0006,Calangute Beach Spot 06,Z01,beach,15.5526,73.75917,148,10:00,21:00,92,69,80,0,0,0,57,85,55,52,96,41,86,64.0,23,10,15,80,18,32,21,18,7,71,14,19
POI0007,Baga Beach Spot 07,Z02,beach,15.56205,73.77985,167,06:00,22:00,92,44,92,0,0,0,79,70,91,64,51,72,67,59.6,38,21,18,87,35,22,15,33,25,97,22,5
POI0008,Baga Market Spot 08,Z02,market,15.59284,73.73464,76,07:00,22:00,53,62,90,0,0,0,53,76,66,68,67,63,100,71.5,90,68,19,9,5,9,15,92,4,20,14,16
POI0009,Baga Wellness Spot 09,Z02,wellness,15.55039,73.76725,171,11:00,19:00,67,84,57,3870,2074,2222,64,79,97,89,47,100,52,61.1,2,12,87,34,79,12,0,18,7,13,9,18
POI0010,Baga Food Spot 10,Z02,food,15.52041,73.77025,100,08:00,18:00,62,60,71,1069,700,548,53,89,93,68,53,92,78,86.1,81,83,3,17,16,22,13,25,32,21,24,20
POI0011,Baga Museum Spot 11,Z02,museum,15.56695,73.78635,63,07:00,18:00,72,73,41,175,77,112,69,62,46,60,60,51,93,59.9,6,81,23,20,16,18,16,21,96,0,17,22
POI0012,Baga Shopping Spot 12,Z02,shopping,15.53097,73.73828,136,06:00,20:00,63,73,68,0,0,0,79,66,52,60,87,40,70,66.6,88,40,25,29,16,20,11,92,5,29,17,34
POI0013,Anjuna Fort Spot 13,Z03,fort,15.55715,73.74455,103,11:00,21:00,70,70,44,74,46,43,54,73,67,85,79,66,56,69.4,24,97,0,12,27,1,37,24,91,80,29,32
POI0014,Anjuna Wellness Spot 14,Z03,wellness,15.57636,73.7557,147,07:00,20:00,60,64,50,3389,1655,2160,70,69,74,71,30,52,82,88.2,20,35,91,30,89,47,17,0,39,14,21,35
POI0015,Anjuna Museum Spot 15,Z03,museum,15.56171,73.71089,114,07:00,21:00,84,84,62,389,254,201,68,91,72,66,84,80,54,55.8,26,79,17,22,29,15,26,16,84,29,0,4
POI0016,Anjuna Beach Spot 16,Z03,beach,15.58127,73.73788,105,11:00,19:00,85,66,88,0,0,0,47,87,75,60,59,85,90,69.1,15,29,40,73,24,7,25,18,0,92,12,13
POI0017,Anjuna Religious Site Spot 17,Z03,religious_site,15.55076,73.74063,66,08:00,20:00,64,61,37,16,6,10,72,82,75,60,60,65,89,60.8,43,100,20,21,32,9,23,19,87,9,0,68
POI0018,Anjuna Nightlife Spot 18,Z03,nightlife,15.54355,73.68121,176,17:00,04:00,5,15,95,432,216,238,47,91,0,87,35,0,57,86.2,86,37,21,26,19,17,78,88,9,27,33,24
POI0019,Vagator Shopping Spot 19,Z04,shopping,15.60945,73.72352,138,06:00,19:00,42,75,85,0,0,0,55,69,73,81,59,86,41,65.5,82,21,18,29,24,28,11,92,39,8,9,36
POI0020,Vagator Viewpoint Spot 20,Z04,viewpoint,15.58139,73.7523,58,10:00,22:00,79,55,84,43,23,31,56,74,58,69,46,40,70,61.3,0,10,71,10,22,17,16,18,22,76,28,27
POI0021,Vagator Nature Spot 21,Z04,nature,15.57225,73.73928,170,10:00,19:00,88,73,58,296,198,211,52,64,53,68,94,56,99,79.2,18,12,89,22,2,19,23,9,22,73,36,34
POI0022,Vagator Nightlife Spot 22,Z04,nightlife,15.61098,73.73913,130,17:00,03:00,5,15,95,1872,1210,956,48,80,33,63,68,15,46,55.1,71,4,14,13,29,22,70,89,13,35,12,12
POI0023,Vagator Adventure Spot 23,Z04,adventure,15.58995,73.73146,201,08:00,19:00,63,63,51,2634,1289,1783,47,83,53,100,37,54,38,73.0,37,14,85,23,12,88,13,15,36,7,0,39
POI0024,Vagator Beach Spot 24,Z04,beach,15.60215,73.72002,167,11:00,21:00,82,56,97,0,0,0,77,68,68,29,40,42,84,63.4,0,21,15,99,17,40,6,27,23,78,22,34
POI0025,Candolim Waterfall Spot 25,Z05,waterfall,15.51736,73.78308,130,11:00,22:00,82,58,43,103,54,52,66,88,35,61,51,18,16,75.9,24,17,91,27,35,80,14,14,29,96,14,14
POI0026,Candolim Museum Spot 26,Z05,museum,15.52746,73.76327,48,10:00,19:00,69,72,42,265,172,153,74,84,47,49,86,30,49,51.4,9,89,17,27,19,28,7,19,83,5,1,28
POI0027,Candolim Photography Spot 27,Z05,photography,15.53129,73.77095,47,11:00,21:00,94,65,81,86,50,47,96,88,65,52,95,47,85,61.5,17,23,86,29,29,0,0,32,94,76,0,21
POI0028,Candolim Shopping Spot 28,Z05,shopping,15.52348,73.76298,90,10:00,18:00,56,72,66,0,0,0,68,96,70,87,64,49,70,63.8,90,28,27,24,0,21,13,74,40,40,36,23
POI0029,Candolim Nature Spot 29,Z05,nature,15.52356,73.75202,80,09:00,21:00,80,70,56,186,105,115,65,77,86,62,46,79,59,58.1,7,18,79,4,26,24,0,18,31,93,32,20
POI0030,Candolim Wildlife Spot 30,Z05,wildlife,15.5566,73.76281,152,09:00,21:00,88,72,48,407,253,292,65,92,64,90,51,49,28,75.2,23,15,86,23,6,14,37,6,0,0,85,20
POI0031,Panjim Fort Spot 31,Z06,fort,15.49216,73.78996,100,09:00,22:00,70,63,49,24,10,17,69,78,49,50,56,39,83,58.3,11,92,15,14,30,20,23,20,87,88,0,27
POI0032,Panjim Cultural Site Spot 32,Z06,cultural_site,15.49869,73.82985,42,06:00,20:00,76,70,39,42,27,28,59,64,70,71,80,61,42,74.7,19,83,18,19,22,31,6,5,76,23,34,81
POI0033,Panjim Wildlife Spot 33,Z06,wildlife,15.49918,73.82315,110,09:00,20:00,81,62,44,541,358,325,61,73,65,91,66,49,31,54.6,39,12,100,17,4,20,7,10,24,26,80,31
POI0034,Panjim Nightlife Spot 34,Z06,nightlife,15.46765,73.81356,126,18:00,03:00,5,15,95,1857,1001,1151,15,54,30,81,70,0,78,59.7,85,25,33,39,23,27,75,84,31,30,22,30
POI0035,Panjim Market Spot 35,Z06,market,15.50017,73.79719,108,08:00,18:00,59,70,78,0,0,0,86,70,79,45,49,62,77,50.8,81,100,19,24,39,21,7,84,19,3,16,11
POI0036,Panjim Shopping Spot 36,Z06,shopping,15.4834,73.84292,107,09:00,20:00,58,77,73,0,0,0,79,75,69,79,58,55,82,45.7,90,24,27,3,23,16,14,91,37,41,35,18
POI0037,Old Goa Market Spot 37,Z07,market,15.51425,73.8923,127,07:00,21:00,64,67,75,0,0,0,69,86,62,57,57,62,84,63.0,76,85,16,15,27,24,23,88,27,0,15,0
POI0038,Old Goa Waterfall Spot 38,Z07,waterfall,15.5098,73.9403,116,09:00,19:00,69,62,48,91,42,63,86,67,67,64,58,79,15,59.1,28,21,78,9,13,89,8,25,5,83,21,49
POI0039,Old Goa Nightlife Spot 39,Z07,nightlife,15.50431,73.89828,178,19:00,02:00,5,15,95,1301,626,995,65,67,4,75,74,0,84,88.0,83,6,17,0,9,22,95,100,12,37,22,18
POI0040,Old Goa Shopping Spot 40,Z07,shopping,15.48093,73.92041,140,08:00,19:00,45,73,84,0,0,0,71,88,52,69,66,44,76,45.0,84,38,25,31,34,33,27,89,26,6,28,3
POI0041,Old Goa Viewpoint Spot 41,Z07,viewpoint,15.51016,73.90372,52,08:00,19:00,88,46,86,21,13,12,39,68,70,65,30,85,82,60.8,11,17,83,16,41,18,17,0,9,82,11,36
POI0042,Old Goa Museum Spot 42,Z07,museum,15.499,73.8794,80,06:00,20:00,82,71,46,297,144,213,52,52,97,63,59,87,52,66.8,32,86,31,23,13,28,21,20,96,0,2,5
POI0043,Margao Waterfall Spot 43,Z08,waterfall,15.26561,74.03183,90,07:00,21:00,60,61,61,43,24,24,68,67,50,55,71,39,22,62.9,10,27,84,3,16,87,27,18,38,93,16,29
POI0044,Margao Wildlife Spot 44,Z08,wildlife,15.28974,73.97035,104,09:00,19:00,72,56,44,477,333,244,61,61,61,48,73,62,36,54.5,30,14,83,11,0,3,0,0,5,35,84,35
POI0045,Margao Museum Spot 45,Z08,museum,15.29912,73.97726,103,08:00,20:00,68,74,45,199,106,133,96,69,60,78,64,64,71,72.7,26,89,38,35,7,40,13,32,85,15,0,17
POI0046,Margao Fort Spot 46,Z08,fort,15.29968,73.98959,87,10:00,19:00,82,59,60,94,53,47,73,59,39,64,65,43,100,59.8,18,78,27,27,27,38,37,15,87,80,20,12
POI0047,Margao Religious Site Spot 47,Z08,religious_site,15.29072,73.9565,44,11:00,20:00,88,66,38,28,19,19,76,81,52,90,54,56,66,70.7,15,67,23,30,1,12,6,8,85,0,27,91
POI0048,Margao Market Spot 48,Z08,market,15.26255,74.0324,98,07:00,22:00,50,79,71,0,0,0,58,80,79,71,61,100,60,46.3,78,80,19,1,22,31,23,72,18,28,0,7
POI0049,Palolem Religious Site Spot 49,Z09,religious_site,15.01355,74.02912,78,07:00,18:00,80,81,38,9,4,7,45,74,47,70,71,51,80,79.2,4,87,42,25,15,13,15,16,81,30,0,91
POI0050,Palolem Waterfall Spot 50,Z09,waterfall,14.99839,74.03719,124,06:00,19:00,89,79,41,17,7,9,87,71,67,62,43,68,26,82.4,34,0,82,18,0,85,34,6,24,77,11,37
POI0051,Palolem Wellness Spot 51,Z09,wellness,14.99264,73.99059,162,08:00,18:00,78,64,40,1824,1151,1207,79,83,56,61,78,60,53,74.2,27,19,89,14,100,1,35,36,9,46,31,31
POI0052,Palolem Beach Spot 52,Z09,beach,15.01715,74.04256,139,07:00,20:00,87,41,93,0,0,0,68,100,68,66,87,58,100,88.6,18,14,0,75,33,12,24,3,37,83,23,47
POI0053,Palolem Museum Spot 53,Z09,museum,15.02756,73.99584,107,11:00,18:00,88,79,39,167,80,89,71,78,95,75,73,95,55,54.4,9,88,31,20,4,3,2,0,85,33,19,0
POI0054,Palolem Cultural Site Spot 54,Z09,cultural_site,14.97635,74.02751,46,07:00,20:00,70,66,56,24,12,13,71,81,69,77,66,87,34,79.8,22,80,19,12,7,15,6,23,75,28,5,80
POI0055,Colva Museum Spot 55,Z10,museum,15.26294,73.92802,120,06:00,22:00,83,84,55,132,61,97,68,91,66,61,68,71,37,55.1,17,83,14,32,34,17,0,27,89,23,31,6
POI0056,Colva Adventure Spot 56,Z10,adventure,15.24993,73.89175,217,10:00,22:00,68,65,63,1248,804,712,70,72,72,79,6,75,34,50.2,1,11,80,15,3,79,11,29,29,18,15,21
POI0057,Colva Waterfall Spot 57,Z10,waterfall,15.30429,73.88856,111,09:00,21:00,82,75,39,82,44,62,93,62,76,64,68,74,55,60.6,32,0,87,34,18,89,11,18,0,66,31,8
POI0058,Colva Religious Site Spot 58,Z10,religious_site,15.30056,73.8926,89,11:00,18:00,64,78,54,20,10,10,86,46,81,87,67,90,76,68.6,36,89,22,17,15,23,16,19,85,11,26,100
POI0059,Colva Cultural Site Spot 59,Z10,cultural_site,15.2438,73.93204,90,09:00,20:00,85,66,59,24,13,15,64,72,62,43,73,72,76,79.4,21,84,23,33,0,31,20,17,73,26,0,90
POI0060,Colva Beach Spot 60,Z10,beach,15.26621,73.9298,155,07:00,21:00,75,50,80,0,0,0,47,62,75,57,60,61,92,85.3,48,6,18,99,34,11,22,20,23,79,18,0
