origin_city,destination,mode,departure_window,arrival_window,duration_minutes,estimated_cost_per_person,transfer_count,comfort_score,availability_status_type,source_status
Mumbai,Goa,flight,morning,evening,42,3520,0,92,limited,synthetic_indicative
Mumbai,Goa,flight,evening,morning,41,3490,1,90,seasonal,synthetic_indicative
Mumbai,Goa,train,evening,afternoon,610,510,0,53,typically_available,synthetic_indicative
Mumbai,Goa,train,morning,early_morning,622,740,0,45,typically_available,synthetic_indicative
Mumbai,Goa,train,afternoon,early_morning,567,700,1,55,typically_available,synthetic_indicative
Mumbai,Goa,bus,evening,afternoon,686,390,0,48,typically_available,synthetic_indicative
Mumbai,Goa,bus,afternoon,night,742,420,0,53,typically_available,synthetic_indicative
Mumbai,Goa,bus,night,morning,621,420,0,56,seasonal,synthetic_indicative
Mumbai,Goa,car,night,night,503,2940,0,57,seasonal,synthetic_indicative
Mumbai,Goa,car,morning,night,576,3340,0,75,seasonal,synthetic_indicative
Mumbai,Goa,car,afternoon,afternoon,539,3250,0,66,typically_available,synthetic_indicative
Pune,Goa,flight,night,early_morning,37,2300,0,86,typically_available,synthetic_indicative
Pune,Goa,flight,morning,evening,39,2700,0,83,typically_available,synthetic_indicative
Pune,Goa,train,evening,morning,494,450,0,59,typically_available,synthetic_indicative
Pune,Goa,train,afternoon,evening,433,550,1,45,typically_available,synthetic_indicative
Pune,Goa,train,morning,night,491,600,0,45,typically_available,synthetic_indicative
Pune,Goa,bus,afternoon,night,593,410,0,49,typically_available,synthetic_indicative
Pune,Goa,bus,afternoon,night,627,320,0,47,typically_available,synthetic_indicative
Pune,Goa,bus,early_morning,evening,618,310,0,47,seasonal,synthetic_indicative
Pune,Goa,car,evening,early_morning,509,3000,0,66,limited,synthetic_indicative
Pune,Goa,car,night,afternoon,483,2900,0,65,seasonal,synthetic_indicative
Pune,Goa,car,afternoon,morning,427,2200,0,76,typically_available,synthetic_indicative
Bengaluru,Goa,flight,night,morning,49,4170,1,86,typically_available,synthetic_indicative
Bengaluru,Goa,flight,evening,early_morning,47,4560,0,86,limited,synthetic_indicative
Bengaluru,Goa,train,night,morning,644,790,0,70,typically_available,synthetic_indicative
Bengaluru,Goa,train,afternoon,morning,613,750,0,64,limited,synthetic_indicative
Bengaluru,Goa,bus,evening,morning,863,640,0,49,typically_available,synthetic_indicative
Bengaluru,Goa,bus,early_morning,afternoon,763,490,0,55,typically_available,synthetic_indicative
Delhi,Goa,flight,early_morning,evening,159,9850,0,76,typically_available,synthetic_indicative
Delhi,Goa,flight,afternoon,afternoon,141,10590,0,70,typically_available,synthetic_indicative
Delhi,Goa,flight,evening,morning,173,14230,0,70,typically_available,synthetic_indicative
Delhi,Goa,train,evening,afternoon,2252,1890,0,70,seasonal,synthetic_indicative
Delhi,Goa,train,early_morning,morning,2297,1870,0,58,limited,synthetic_indicative
Hyderabad,Goa,flight,afternoon,evening,54,3580,0,72,typically_available,synthetic_indicative
Hyderabad,Goa,flight,afternoon,morning,60,3930,0,90,typically_available,synthetic_indicative
Hyderabad,Goa,flight,early_morning,afternoon,51,4630,0,70,typically_available,synthetic_indicative
Hyderabad,Goa,train,evening,morning,821,950,0,55,limited,synthetic_indicative
Hyderabad,Goa,train,afternoon,night,714,730,0,67,seasonal,synthetic_indicative
Chennai,Goa,flight,afternoon,morning,70,6550,1,81,typically_available,synthetic_indicative
Chennai,Goa,flight,evening,afternoon,73,5920,0,92,typically_available,synthetic_indicative
Chennai,Goa,train,morning,night,983,1050,0,70,typically_available,synthetic_indicative
Chennai,Goa,train,afternoon,morning,934,1030,1,47,typically_available,synthetic_indicative
Chennai,Goa,train,morning,afternoon,1139,1130,0,70,typically_available,synthetic_indicative
Ahmedabad,Goa,flight,morning,night,78,6660,0,88,typically_available,synthetic_indicative
Ahmedabad,Goa,flight,early_morning,evening,82,7680,0,85,typically_available,synthetic_indicative
Ahmedabad,Goa,flight,morning,night,82,8000,0,85,seasonal,synthetic_indicative
Ahmedabad,Goa,train,evening,afternoon,1228,1020,0,53,typically_available,synthetic_indicative
Ahmedabad,Goa,train,morning,early_morning,1259,1140,0,51,typically_available,synthetic_indicative
Ahmedabad,Goa,train,early_morning,morning,1207,1450,0,72,typically_available,synthetic_indicative
Kolkata,Goa,flight,afternoon,evening,173,16250,0,81,typically_available,synthetic_indicative
Kolkata,Goa,flight,afternoon,night,194,13810,0,94,typically_available,synthetic_indicative
Kolkata,Goa,flight,afternoon,evening,171,12490,0,72,seasonal,synthetic_indicative
Kolkata,Goa,train,afternoon,night,2463,2440,0,45,typically_available,synthetic_indicative
Kolkata,Goa,train,evening,evening,2325,2100,0,45,typically_available,synthetic_indicative
Nagpur,Goa,flight,night,night,95,6980,2,94,typically_available,synthetic_indicative
Nagpur,Goa,flight,afternoon,night,91,5710,0,81,typically_available,synthetic_indicative
Nagpur,Goa,flight,night,early_morning,95,6220,0,70,typically_available,synthetic_indicative
Nagpur,Goa,train,afternoon,early_morning,1239,1210,0,70,typically_available,synthetic_indicative
Nagpur,Goa,train,afternoon,afternoon,1257,1360,0,66,typically_available,synthetic_indicative
Nagpur,Goa,train,morning,night,1163,1340,0,58,typically_available,synthetic_indicative
Nagpur,Goa,bus,night,afternoon,1313,930,0,30,seasonal,synthetic_indicative
Nagpur,Goa,bus,afternoon,morning,1328,1000,0,59,typically_available,synthetic_indicative
Jaipur,Goa,flight,afternoon,early_morning,127,11580,1,74,typically_available,synthetic_indicative
Jaipur,Goa,flight,night,early_morning,139,9610,1,77,typically_available,synthetic_indicative
Jaipur,Goa,train,evening,morning,1608,2210,0,48,typically_available,synthetic_indicative
Jaipur,Goa,train,evening,afternoon,1724,1750,0,48,seasonal,synthetic_indicative
Jaipur,Goa,train,morning,early_morning,1630,2090,1,49,typically_available,synthetic_indicative
Kochi,Goa,flight,afternoon,morning,67,5700,0,93,typically_available,synthetic_indicative
Kochi,Goa,flight,evening,night,75,4890,1,91,typically_available,synthetic_indicative
Kochi,Goa,train,afternoon,afternoon,862,970,1,55,typically_available,synthetic_indicative
Kochi,Goa,train,evening,morning,949,1010,0,52,typically_available,synthetic_indicative
Indore,Goa,flight,evening,evening,81,5700,0,79,typically_available,synthetic_indicative
Indore,Goa,flight,evening,night,92,7650,0,72,limited,synthetic_indicative
Indore,Goa,train,morning,evening,1061,1120,0,60,typically_available,synthetic_indicative
Indore,Goa,train,evening,evening,1060,1240,1,65,typically_available,synthetic_indicative
Indore,Goa,bus,night,afternoon,1280,1070,0,38,seasonal,synthetic_indicative
Indore,Goa,bus,early_morning,morning,1258,1000,0,53,typically_available,synthetic_indicative
Indore,Goa,bus,morning,evening,1571,860,1,43,typically_available,synthetic_indicative
